[{"@type":"mtTask","id":"@1","name":"mct_Replicate_SQL","description":"Update Description","runtimeEnvironmentId":"@ctuGF3vHlInhaN8lald70L","maxLogs":10,"verbose":false,"lastRunTime":1575561015000,"mappingId":"@2sRuE9JUBb3bW8TrfRmXo6","shortDescription":"Update Description","sessionProperties":{},"enableCrossSchemaPushdown":true,"parameters":[{"@type":"mtTaskParameter","id":33297004,"name":"$src$","type":"EXTENDED_SOURCE","label":"Source (p_src_conn)","description":"Select the SQL Server database connection or create a new connection.","uiProperties":{"cnxtype":"Relational Database","connectionParameterized":"true","logcnx":"p_src_conn","isMsrcFilterParameterized":"false","isMsrcSortParameterized":"false","objlabel":"Source","objectParameterized":"true","objDesc":"Select the SQL Server table or view that you want to read data from.\\n","isAdvFilterPartialParam":"true"},"sourceConnectionId":"@3XoniAs35WEeCRKOzc2sON","newFlatFile":false,"newObject":false,"showBusinessNames":true,"naturalOrder":true,"truncateTarget":false,"bulkApiDBTarget":false,"customFuncCfg":{"@type":"customFuncConfig","id":-1,"connections":[],"inputMap":[],"outputFields":[]},"tgtFieldRefs":{},"targetUpdateColumns":[],"extendedObject":{"@type":"extendedObject","object":{"@type":"mObject","name":"ORCL_LH_ACTCUSTOMERS","label":"ORCL_LH_ACTCUSTOMERS","metadataUpdated":false,"relations":[],"children":[]},"advancedFilterExpression":"$p_cdc_field$ > CONVERT(DATETIME2, '$$v_max_value', 126)","filters":[],"sortFields":[]},"runtimeAttrs":{},"isRESTModernSource":true,"isFileList":false,"handleSpecialChars":false,"frsAsset":false,"tgtObjectAttributes":{},"runtimeParameterData":{"@type":"mtTaskRuntimeParameterData","isConnectionRuntimeParameter":false,"isObjectRuntimeParameter":false,"connectionParameterName":"p_src_conn","objectParameterName":"p_src_object"},"overriddenFields":[]},{"@type":"mtTaskParameter","id":33297007,"name":"$tgt$","type":"TARGET","label":"Target (p_tgt_conn)","description":"Select the target connection or create a new connection.\\n\\nThe target connection can be the same as the source connection.","uiProperties":{"connectionParameterized":"true","logcnx":"p_tgt_conn","objlabel":"Target","objectParameterized":"true","objDesc":"Select the object that you want to load data to. Click Create Target to create the target object the first time the Mapping task runs.\\n\\nIf the target is a relational target, the Mapping task inserts data into the target table the first time it runs. For subsequent runs, you have the following options:\\n\\n1. Keep previously loaded data in the target (default).  Disable the Truncate Table option, and select one of the following operations:\\na. If the timestamp field represents the created date for the record, select Insert.  \\nb. If the timestamp field represents the last modified date for the record, select Upsert and configure the update columns.\\n\\n2. Keep only the current data. Select the Insert operation and enable the Truncate Table option.\\n\\n3. Fully reload the target. Select the Insert operation, enable the Truncate Table option, and reset or edit the value of in-out parameter, v_max_value.\\n\\nIf the target is a file target, the Mapping task re-creates the file each time it runs.","defaultTargetUpdateColumns":""},"targetConnectionId":"@7sclivC9auIhpWcjSjeQ4p","targetObject":"lh_new_actcustomers","targetObjectLabel":"lh_new_actcustomers","newFlatFile":false,"newObject":true,"showBusinessNames":true,"naturalOrder":true,"newObjectName":"lh_new_actcustomers","truncateTarget":false,"bulkApiDBTarget":false,"operationType":"Insert","customFuncCfg":{"@type":"customFuncConfig","id":-1,"connections":[],"inputMap":[],"outputFields":[]},"tgtFieldRefs":{},"targetUpdateColumns":[],"extendedObject":{"@type":"extendedObject","filters":[],"sortFields":[]},"runtimeAttrs":{},"isRESTModernSource":true,"isFileList":false,"handleSpecialChars":false,"frsAsset":false,"tgtObjectAttributes":{},"runtimeParameterData":{"@type":"mtTaskRuntimeParameterData","isConnectionRuntimeParameter":false,"isObjectRuntimeParameter":false,"connectionParameterName":"p_tgt_conn","objectParameterName":"p_tgt_object"},"overriddenFields":[]},{"@type":"mtTaskParameter","id":33297010,"name":"$p_cdc_field$","type":"STRING","text":"LAST_ORDER_DT","label":"Source Timestamp Field (p_cdc_field)","description":"Select the SQL Server object timestamp field.","uiProperties":{"paramtype":"Field","leftfs":"domain","partialParamDomain":"$src$"},"newFlatFile":false,"newObject":false,"showBusinessNames":true,"naturalOrder":true,"truncateTarget":false,"bulkApiDBTarget":false,"customFuncCfg":{"@type":"customFuncConfig","id":-1,"connections":[],"inputMap":[],"outputFields":[]},"tgtFieldRefs":{},"targetUpdateColumns":[],"runtimeAttrs":{},"isRESTModernSource":true,"isFileList":false,"handleSpecialChars":false,"frsAsset":false,"tgtObjectAttributes":{},"runtimeParameterData":{"@type":"mtTaskRuntimeParameterData","isConnectionRuntimeParameter":false,"isObjectRuntimeParameter":false},"overriddenFields":[]},{"@type":"mtTaskParameter","id":33297013,"name":"$p_exp_fields$","type":"STRING","text":"","label":"Optional Expression Fields (p_exp_fields)","description":"Optionally, create expressions that add fields to the target. For example, you might want to add a system timestamp field to each replicated record in the target. \\n\\nUse the built-in functions to create one or more expressions.\\n\\nIf you do not want to add additional fields, do not enter expressions here.","uiProperties":{"paramtype":"ExpressionEditor","caption":"Expressions","required":"false","templateData":"$p_exp_fields$","default":"$p_exp_fields$"},"newFlatFile":false,"newObject":false,"showBusinessNames":true,"naturalOrder":true,"truncateTarget":false,"bulkApiDBTarget":false,"customFuncCfg":{"@type":"customFuncConfig","id":-1,"connections":[],"inputMap":[],"outputFields":[]},"tgtFieldRefs":{},"targetUpdateColumns":[],"runtimeAttrs":{},"isRESTModernSource":true,"isFileList":false,"handleSpecialChars":false,"frsAsset":false,"tgtObjectAttributes":{},"runtimeParameterData":{"@type":"mtTaskRuntimeParameterData","isConnectionRuntimeParameter":false,"isObjectRuntimeParameter":false},"overriddenFields":[]}],"sequences":[],"inOutParameters":[{"@type":"mtTaskInOutParameter","id":"-1","name":"v_max_value","description":"Use '1900-01-01 00:00:00.000000' format (with msecs)","initialValue":"1900-01-01 00:00:00.000000","datatype":"STRING","precision":"60","scale":"0","retentionPolicy":"ON_SUCCESS","aggregationType":"MAX","currentValue":"2009-12-14 00:00:00.000000"}],"connRuntimeAttrs":[]}]