[{"@type":"mappingTemplate","id":"@1","name":"m_Restart_Recovery","description":"","bundleVersion":"0","templateId":"@3","deployTime":1585920973000,"hasParameters":false,"valid":true,"fixedConnection":true,"hasParametersDeployed":false,"fixedConnectionDeployed":true,"isSchemaValidationEnabled":false,"tasks":1,"mappingPreviewFileRecordId":"@2","documentType":"","references":[{"@type":"reference","refObjectId":"@7sclivC9auIhpWcjSjeQ4p","refType":"connection"},{"@type":"reference","refObjectId":"@ce4GjGOo1uyhaWBhFtKQ4a","refType":"connection"}]}]