[{"@type":"dssTask","id":"@1","name":"dss Generate Oracle Source Updates","description":"This task updates the SCOTT EMP table by increasing the HIREDATE by 1 day.","maxLogs":10,"sourceConnectionId":"@iGqhacNXwUagIy3nA4t0I8","targetConnectionId":"@iGqhacNXwUagIy3nA4t0I8","targetObject":"EMP","targetObjectLabel":"EMP","operation":"Update","maxRows":0,"truncateTarget":false,"bulkApiDBTarget":false,"verbose":false,"targetMetadataUpdated":false,"modelVersion":"V3-R600","queryAll":false,"srcSettings":{"@type":"taskDataSourceSetting","isShowLabels":false,"isNaturalOrder":true},"tgtSettings":{"@type":"taskDataSourceSetting","isShowLabels":false,"isNaturalOrder":true},"cfSettings":{"@type":"taskDataSourceSetting","isShowLabels":false,"isNaturalOrder":false},"bulkApi":false,"bulkApiSerialMode":false,"bulkApiMonitor":false,"isTargetObjectSfCustom":false,"allowNullUpdates":false,"targetBatchSize":200,"assignmentRuleId":"-1","assignmentRuleType":"None","createSuccessFile":false,"bulkApiHardDelete":false,"srcRuntimeAttrs":{"@type":"taskRuntimeAttrs","attrs":{}},"tgtRuntimeAttrs":{"@type":"taskRuntimeAttrs","attrs":{}},"parameterFileEncoding":"UTF-8","serverlessProperties":{},"sourceObjects":[{"@type":"mObject","name":"EMP","label":"EMP","metadataUpdated":false,"relations":[],"children":[]}],"advancedFilters":[],"filters":[],"fieldMaps":[{"@type":"fieldMap","id":"14677768","targetField":{"@type":"field","id":40884010,"name":"EMPNO","type":"decimal","uniqueName":"EMPNO","label":"EMPNO","parentObject":"EMP","pcType":"HIPRECDECIMAL","precision":4,"scale":0,"columnIndex":0,"isKey":true,"isWaterMarkKey":false,"isExternalId":false,"isSfIdLookup":false,"isNullable":false,"isUnique":true,"isCreateable":false,"isUpdateable":true,"isFilterable":true,"isCalculated":false,"filterType":"DOUBLE","showLabel":false,"naturalOrder":0,"typeConfigFields":[],"linkedFields":["EMPNO"],"relatedInfos":[],"references":[]},"expression":"EMPNO"},{"@type":"fieldMap","id":"14677771","targetField":{"@type":"field","id":40884013,"name":"ENAME","type":"varchar","uniqueName":"ENAME","label":"ENAME","parentObject":"EMP","pcType":"STRING","precision":10,"scale":0,"columnIndex":1,"isKey":false,"isWaterMarkKey":false,"isExternalId":false,"isSfIdLookup":false,"isNullable":true,"isUnique":false,"isCreateable":false,"isUpdateable":true,"isFilterable":true,"isCalculated":false,"filterType":"STRING","showLabel":false,"naturalOrder":1,"typeConfigFields":[],"linkedFields":[],"relatedInfos":[],"references":[]}},{"@type":"fieldMap","id":"14677774","targetField":{"@type":"field","id":40884016,"name":"JOB","type":"varchar","uniqueName":"JOB","label":"JOB","parentObject":"EMP","pcType":"STRING","precision":9,"scale":0,"columnIndex":2,"isKey":false,"isWaterMarkKey":false,"isExternalId":false,"isSfIdLookup":false,"isNullable":true,"isUnique":false,"isCreateable":false,"isUpdateable":true,"isFilterable":true,"isCalculated":false,"filterType":"STRING","showLabel":false,"naturalOrder":2,"typeConfigFields":[],"linkedFields":[],"relatedInfos":[],"references":[]}},{"@type":"fieldMap","id":"14677777","targetField":{"@type":"field","id":40884019,"name":"MGR","type":"decimal","uniqueName":"MGR","label":"MGR","parentObject":"EMP","pcType":"HIPRECDECIMAL","precision":4,"scale":0,"columnIndex":3,"isKey":false,"isWaterMarkKey":false,"isExternalId":false,"isSfIdLookup":false,"isNullable":true,"isUnique":false,"isCreateable":false,"isUpdateable":true,"isFilterable":true,"isCalculated":false,"filterType":"DOUBLE","showLabel":false,"naturalOrder":3,"typeConfigFields":[],"linkedFields":[],"relatedInfos":[],"references":[]}},{"@type":"fieldMap","id":"14677780","targetField":{"@type":"field","id":40884022,"name":"HIREDATE","type":"timestamp","uniqueName":"HIREDATE","label":"HIREDATE","parentObject":"EMP","pcType":"DATE","precision":23,"scale":3,"columnIndex":4,"isKey":false,"isWaterMarkKey":false,"isExternalId":false,"isSfIdLookup":false,"isNullable":true,"isUnique":false,"isCreateable":false,"isUpdateable":true,"isFilterable":true,"isCalculated":false,"filterType":"DATETIME","showLabel":false,"naturalOrder":4,"typeConfigFields":[],"linkedFields":["HIREDATE"],"relatedInfos":[],"references":[]},"expression":" Add_To_Date(HIREDATE, 'DD', 1) "},{"@type":"fieldMap","id":"14677783","targetField":{"@type":"field","id":40884025,"name":"SAL","type":"decimal","uniqueName":"SAL","label":"SAL","parentObject":"EMP","pcType":"HIPRECDECIMAL","precision":7,"scale":2,"columnIndex":5,"isKey":false,"isWaterMarkKey":false,"isExternalId":false,"isSfIdLookup":false,"isNullable":true,"isUnique":false,"isCreateable":false,"isUpdateable":true,"isFilterable":true,"isCalculated":false,"filterType":"DOUBLE","showLabel":false,"naturalOrder":5,"typeConfigFields":[],"linkedFields":[],"relatedInfos":[],"references":[]}},{"@type":"fieldMap","id":"14677786","targetField":{"@type":"field","id":40884028,"name":"COMM","type":"decimal","uniqueName":"COMM","label":"COMM","parentObject":"EMP","pcType":"HIPRECDECIMAL","precision":7,"scale":2,"columnIndex":6,"isKey":false,"isWaterMarkKey":false,"isExternalId":false,"isSfIdLookup":false,"isNullable":true,"isUnique":false,"isCreateable":false,"isUpdateable":true,"isFilterable":true,"isCalculated":false,"filterType":"DOUBLE","showLabel":false,"naturalOrder":6,"typeConfigFields":[],"linkedFields":[],"relatedInfos":[],"references":[]}},{"@type":"fieldMap","id":"14677789","targetField":{"@type":"field","id":40884031,"name":"DEPTNO","type":"decimal","uniqueName":"DEPTNO","label":"DEPTNO","parentObject":"EMP","pcType":"HIPRECDECIMAL","precision":2,"scale":0,"columnIndex":7,"isKey":false,"isWaterMarkKey":false,"isExternalId":false,"isSfIdLookup":false,"isNullable":true,"isUnique":false,"isCreateable":false,"isUpdateable":true,"isFilterable":true,"isCalculated":false,"filterType":"DOUBLE","showLabel":false,"naturalOrder":7,"typeConfigFields":[],"linkedFields":[],"relatedInfos":[],"references":[]}}],"sourceFields":[{"@type":"field","id":40884034,"name":"EMPNO","type":"decimal","uniqueName":"EMPNO","label":"EMPNO","parentObject":"EMP","pcType":"HIPRECDECIMAL","precision":4,"scale":0,"columnIndex":0,"isKey":true,"isWaterMarkKey":false,"isExternalId":false,"isSfIdLookup":false,"isNullable":false,"isUnique":true,"isCreateable":false,"isUpdateable":true,"isFilterable":true,"isCalculated":false,"filterType":"DOUBLE","showLabel":false,"naturalOrder":0,"typeConfigFields":[],"linkedFields":["EMPNO"],"relatedInfos":[],"references":[]},{"@type":"field","id":40884037,"name":"ENAME","type":"varchar","uniqueName":"ENAME","label":"ENAME","parentObject":"EMP","pcType":"STRING","precision":10,"scale":0,"columnIndex":1,"isKey":false,"isWaterMarkKey":false,"isExternalId":false,"isSfIdLookup":false,"isNullable":true,"isUnique":false,"isCreateable":false,"isUpdateable":true,"isFilterable":true,"isCalculated":false,"filterType":"STRING","showLabel":false,"naturalOrder":1,"typeConfigFields":[],"linkedFields":[],"relatedInfos":[],"references":[]},{"@type":"field","id":40884040,"name":"JOB","type":"varchar","uniqueName":"JOB","label":"JOB","parentObject":"EMP","pcType":"STRING","precision":9,"scale":0,"columnIndex":2,"isKey":false,"isWaterMarkKey":false,"isExternalId":false,"isSfIdLookup":false,"isNullable":true,"isUnique":false,"isCreateable":false,"isUpdateable":true,"isFilterable":true,"isCalculated":false,"filterType":"STRING","showLabel":false,"naturalOrder":2,"typeConfigFields":[],"linkedFields":[],"relatedInfos":[],"references":[]},{"@type":"field","id":40884043,"name":"MGR","type":"decimal","uniqueName":"MGR","label":"MGR","parentObject":"EMP","pcType":"HIPRECDECIMAL","precision":4,"scale":0,"columnIndex":3,"isKey":false,"isWaterMarkKey":false,"isExternalId":false,"isSfIdLookup":false,"isNullable":true,"isUnique":false,"isCreateable":false,"isUpdateable":true,"isFilterable":true,"isCalculated":false,"filterType":"DOUBLE","showLabel":false,"naturalOrder":3,"typeConfigFields":[],"linkedFields":[],"relatedInfos":[],"references":[]},{"@type":"field","id":40884046,"name":"HIREDATE","type":"timestamp","uniqueName":"HIREDATE","label":"HIREDATE","parentObject":"EMP","pcType":"DATE","precision":23,"scale":3,"columnIndex":4,"isKey":false,"isWaterMarkKey":false,"isExternalId":false,"isSfIdLookup":false,"isNullable":true,"isUnique":false,"isCreateable":false,"isUpdateable":true,"isFilterable":true,"isCalculated":false,"filterType":"DATETIME","showLabel":false,"naturalOrder":4,"typeConfigFields":[],"linkedFields":["HIREDATE"],"relatedInfos":[],"references":[]},{"@type":"field","id":40884049,"name":"SAL","type":"decimal","uniqueName":"SAL","label":"SAL","parentObject":"EMP","pcType":"HIPRECDECIMAL","precision":7,"scale":2,"columnIndex":5,"isKey":false,"isWaterMarkKey":false,"isExternalId":false,"isSfIdLookup":false,"isNullable":true,"isUnique":false,"isCreateable":false,"isUpdateable":true,"isFilterable":true,"isCalculated":false,"filterType":"DOUBLE","showLabel":false,"naturalOrder":5,"typeConfigFields":[],"linkedFields":[],"relatedInfos":[],"references":[]},{"@type":"field","id":40884052,"name":"COMM","type":"decimal","uniqueName":"COMM","label":"COMM","parentObject":"EMP","pcType":"HIPRECDECIMAL","precision":7,"scale":2,"columnIndex":6,"isKey":false,"isWaterMarkKey":false,"isExternalId":false,"isSfIdLookup":false,"isNullable":true,"isUnique":false,"isCreateable":false,"isUpdateable":true,"isFilterable":true,"isCalculated":false,"filterType":"DOUBLE","showLabel":false,"naturalOrder":6,"typeConfigFields":[],"linkedFields":[],"relatedInfos":[],"references":[]},{"@type":"field","id":40884055,"name":"DEPTNO","type":"decimal","uniqueName":"DEPTNO","label":"DEPTNO","parentObject":"EMP","pcType":"HIPRECDECIMAL","precision":2,"scale":0,"columnIndex":7,"isKey":false,"isWaterMarkKey":false,"isExternalId":false,"isSfIdLookup":false,"isNullable":true,"isUnique":false,"isCreateable":false,"isUpdateable":true,"isFilterable":true,"isCalculated":false,"filterType":"DOUBLE","showLabel":false,"naturalOrder":7,"typeConfigFields":[],"linkedFields":[],"relatedInfos":[],"references":[]}],"sortFields":[],"groupFields":[]}]