[{"@type":"mappingTemplate","id":"@1","name":"m_Replicate_SQL","description":"Update Description: \n\nExtracts data incrementally from an SQL Server database table or view based on its timestamp and loads it to a dynamically created target. \n\nThe Mapping task extracts only new and changed records each time it runs.\n\nThe Mapping task extracts data from the source starting at the last saved timestamp value  (ms precision). The last saved timestamp value is stored in in-out parameter, v_max_value.\n\nIf you create a relational target, the Mapping task inserts data into the target table the first time it runs. Subsequent runs can load data using update or upsert operations. If you create a flat file target, the Mapping task re-creates the target file each time it runs.","bundleVersion":"0","templateId":"@3","deployTime":1576079028000,"hasParameters":true,"valid":true,"fixedConnection":false,"hasParametersDeployed":true,"fixedConnectionDeployed":false,"tasks":1,"mappingPreviewFileRecordId":"@2","documentType":"","references":[]}]